Name,HardClauses,Variables,SoftUnits,cost,UnsatBound
c-inference-pre-processing_c_inference_50_56_fq1,372240,21368,494,0,495
c-inference-pre-processing_c_inference_50_56_vq12,372240,21368,416,0,417
c-inference-pre-processing_c_inference_50_64_v38,372240,21368,348,0,349
c-inference-pre-processing_c_inference_50_65_vq16,372240,21368,341,0,342
c-inference-pre-processing_c_inference_60_0_fq16,372240,21368,291,0,292
c-inference-pre-processing_c_inference_60_56_fq5,372240,21368,292,0,293
c-inference-pre-processing_c_inference_60_57_fq6,372240,21368,192,0,193
c-inference-pre-processing_c_inference_60_59_v50,372240,21368,199,0,200
c-inference-pre-processing_c_inference_60_61_vq11,372240,21368,186,0,187
c-inference-pre-processing_c_inference_60_63_vq12,372240,21368,158,0,159
c-inference-pre-processing_c_inference_60_66_fq5,602186,321473,6734,0,6735
c-inference-pre-processing_c_inference_60_90_fq20,602410,321609,6742,0,6743
c-inference-pre-processing_c_inference_70_96_f37,0,66274,168471,0,168472
c-inference-pre-processing_c_inference_70_97_fq1,0,186740,610475,0,610476
c-inference-pre-processing_c_inference_70_99_vq20,0,178303,505547,0,505548
c-inference-pre-processing_c_inference_80_0_fq16,0,598765,1623572,0,1623573
c-inference-pre-processing_c_inference_80_1_fq10,0,772183,2223029,0,2223030
c-inference-pre-processing_c_inference_90_36_vq15,0,608395,1928296,0,1928297
causal-discovery-causal_n5_i2_N500_uai13_harddeps_int,0,573376,1554820,5,1554816
causal-discovery-causal_n5_i4_N500_uai13_harddeps_int,0,222886,697003,4,697000
causal-discovery-causal_n5_i5_N10000_uai13_constant_int,1029037,68952,68952,5,68948
causal-discovery-causal_n5_i7_N1000_uai13_harddeps_int,2742602,141856,141856,17,141840
causal-discovery-causal_n5_i8_N10000_uai13_harddeps_int,1172806,278589,6,18,-11
causal-discovery-causal_n6_i1_N500_uai13_harddeps_int,1487626,339724,6,19,-12
causal-discovery-causal_n6_i4_N500_uai14_constant_int,647701,160156,6,17,-10
causal-discovery-causal_n6_i5_N10000_uai13_harddeps_int,583041,149366,6,4,3
causal-discovery-causal_n6_i7_N1000_uai14_harddeps_int,395864,108005,6,49,-42
causal-discovery-causal_n6_i8_N1000_uai14_constant_int,505035,136135,6,26,-19
causal-discovery-causal_n6_i9_N1000_uai14_constant_int,0,119246,409139,28,409112
causal-discovery-causal_n6_i9_N10000_uai14_constant_int,0,4426259,15983633,28,15983606
causal-discovery-causal_n7_i8_N1000_uai14_constant_int,0,226035,728516,24,728493
causal-discovery-causal_n7_i8_N10000_uai14_constant_int,0,1513539,4909231,24,4909208
causal-discovery-causal_n7_i9_N500_uai14_constant_int,0,1199597,3868693,46,3868648
CircuitDebuggingProblems-ac97_ctrl-debug.dimacs,512,64,48,1,48
CircuitDebuggingProblems-divider-debug.dimacs,372240,21368,342,1,342
CircuitDebuggingProblems-mem_ctrl-debug.dimacs,372240,21368,354,1,354
CircuitDebuggingProblems-mrisc-debug.dimacs,372240,21368,261,1,261
CircuitDebuggingProblems-rsdecoder-debug.dimacs,372240,21368,295,1,295
CircuitDebuggingProblems-spi-debug.dimacs,372240,21368,182,1,182
CircuitDebuggingProblems-sudoku-debug.dimacs,602466,321643,6744,1,6744
CircuitDebuggingProblems-vga-debug.dimacs,602354,321575,6740,1,6740
CircuitDebuggingProblems-wb-debug.dimacs,1297164,538181,173,28,146
CircuitTraceCompaction-ctrl,2315,606,6,15,-8
CircuitTraceCompaction-mrisc_mem2wire,24545,6755,210,5,206
CircuitTraceCompaction-spi,24347,6573,210,46,165
CircuitTraceCompaction-sudoku,25339,6630,210,13,198
close_solutions-SAT_RACE06__velev-pipe-sat-1.0-b9.cnf.wcnf.8,3517143,1172670,12,50,-37
close_solutions-SAT02__industrial__goldberg__fpga_routing__vda_gr_rcs_w9.shuffled.cnf.wcnf.8,3391401,852890,16,3,14
close_solutions-SAT04__industrial__velev__pipe-sat-1-1__12pipe_bug4_q0.used-as.sat04-723.cnf.wcnf.8,226501,61345,4,86,-81
close_solutions-SAT04__industrial__velev__pipe-sat-1-1__12pipe_bug6_q0.used-as.sat04-725.cnf.wcnf.3,0,228856,750705,148,750558
close_solutions-SAT07__industrial__vliw_sat_4.0__9vliw_m_9stages_iq3_C1_bug6.cnf.wcnf.4,0,238290,936006,24,935983
close_solutions-SAT11__application__fuhs__AProVE11__AProVE11-16.cnf.wcnf.1,206,36,24,263,-238
close_solutions-SAT11__application__jarvisalo__AAAI2010-SATPlanning__aaai10-planning-ipc5-pipesworld-12-step16.cnf.wcnf.2,602550,321694,6747,1,6747
close_solutions-SAT11__application__jarvisalo__AAAI2010-SATPlanning__aaai10-planning-ipc5-pipesworld-18-step16.cnf.wcnf.4,602382,321592,6741,1,6741
close_solutions-SAT11__application__jarvisalo__smtqfbv-aigs__smtlib-qfbv-aigs-bin_libsmbsharemodes_vc5759-tseitin.cnf.wcnf.2,602298,321541,6738,30,6709
close_solutions-SAT11__application__jarvisalo__smtqfbv-aigs__smtlib-qfbv-aigs-rfunit_flat-64-tseitin.cnf.wcnf.8,602270,321524,6737,7,6731
close_solutions-SAT11__application__leberre__2dimensionalstrippacking__E05F18.cnf.wcnf.9,130998,6498,6498,82,6417
close_solutions-SAT11__application__manthey__traffic__traffic_3_uc_sat.cnf.wcnf.3,1935097,398960,88,7,82
close_solutions-SAT11__application__rintanen__SATPlanning__openstacks-sequencedstrips-nonadl-nonnegated-os-sequencedstrips-p30_3.085-SAT.cnf.wcnf.1,39195,13980,26,23,4
close_solutions-teams16_l6a.cnf,47845,22040,40,14,27
close_solutions-teams20_l5a.cnf,25179,6582,210,16,195
ConsistentQueryAnswering-real-2,25439,6660,210,368,-157
ConsistentQueryAnswering-real-6,4689520,1563556,16,356,-339
ConsistentQueryAnswering-synthetic-10,1511760,391002,785,14623,-13837
ConsistentQueryAnswering-synthetic-12,625633,162702,301,17989,-17687
ConsistentQueryAnswering-synthetic-13,6352761,1555554,1618,5583,-3964
ConsistentQueryAnswering-synthetic-15,179766,27656,41,2055,-2013
ConsistentQueryAnswering-synthetic-18,602550,321694,6747,14663,-7915
ConsistentQueryAnswering-synthetic-2,602578,321711,6748,11345,-4596
ConsistentQueryAnswering-synthetic-20,221783,61600,7,6720,-6712
ConsistentQueryAnswering-synthetic-21,1206116,328107,46,21342,-21295
ConsistentQueryAnswering-synthetic-3,197071,62531,48,4311,-4262
ConsistentQueryAnswering-synthetic-5,15787,4554,210,3174,-2963
ConsistentQueryAnswering-synthetic-6,468266,158857,16,3196,-3179
ConsistentQueryAnswering-synthetic-7,585326,198567,20,3326,-3305
ConsistentQueryAnswering-synthetic-8,702386,238277,24,7349,-7324
decision-tree-car-un-formula_0.8_2021_atleast_15_max-3_reduced_incomplete_tree,0,391874,989885,143,989743
decision-tree-mushroom-un-formula_0.8_2021_atleast_127_max-6_reduced_incomplete_tree,416484,55299,55,0,56
decision-tree-soybean-un-formula_0.8_2021_atleast_15_max-3_reduced_incomplete_tree,1816,144,120,22,99
decision-tree-vote-un-formula_0.8_2021_atleast_15_max-3_reduced_incomplete_tree,602410,321609,6742,6,6737
decision-tree-vote-un-formula_0.8_2021_atleast_63_max-5_reduced_incomplete_tree,221780,61600,10,0,11
des-cnf.10.p.9,221710,61600,80,10,71
des-cnf.11.p.10,950961,302060,20,11,10
des-cnf.11.p.7,170567,55117,45,11,35
des-cnf.13.p.6,963,309,309,13,297
des-cnf.15.p.3,4766962,1603211,20,15,6
des-cnf.15.p.9,6673728,2244483,28,15,14
des-cnf.16.p.4,412359,30969,1100,16,1085
des-cnf.16.p.5,4416,256,224,16,209
des-cnf.16.p.6,77722,9973,347,16,332
des-cnf.17.p.10,148390,76190,39900,17,39884
des-cnf.17.t.8,148390,76190,39900,17,39884
des-cnf.19.p.10,44622845,14880111,32,19,14
des-cnf.20.d.10,50200661,16740119,36,20,17
des-cnf.20.d.9,23497348,5685342,6389,20,6370
des-cnf.9.p.10,269049,62970,107,9,99
drmx-cryptogen-geffe128_0,6342,324,288,800,-511
drmx-cryptogen-geffe128_2,720123,266805,266805,800,266006
drmx-cryptogen-geffe128_8,1312353,142205,142205,800,141406
drmx-cryptogen-threshold128_0,148390,76190,39900,800,39101
drmx-cryptogen-threshold128_1,7872664,1978494,2251,800,1452
drmx-cryptogen-threshold128_2,12954,171,13,800,-786
drmx-cryptogen-threshold128_6,27,27,27,800,-772
drmx-cryptogen-wolfram72_0,265395,38087,47,9288,-9240
drmx-cryptogen-wolfram72_4,265395,38087,47,9288,-9240
drmx-cryptogen-wolfram72_5,816,264,48,9288,-9239
drmx-cryptogen-wolfram72_8,3295184,236178,300,9288,-8987
drmx-cryptogen-wolfram80_0,148390,76190,39900,11440,28461
drmx-cryptogen-wolfram80_4,148390,76190,39900,11440,28461
drmx-cryptogen-wolfram80_7,148390,76190,39900,11440,28461
drmx-cryptogen-wolfram80_8,740,148,120,11440,-11319
extension-enforcement-extension-enforcement_non-strict_stb_200_0.05_0_10_3,12260396,4090009,36,9,28
extension-enforcement-extension-enforcement_non-strict_stb_200_0.05_3_10_1,28203089,6865806,8254,8,8247
extension-enforcement-extension-enforcement_non-strict_stb_200_0.05_3_10_4,66419,11594,29,7,23
extension-enforcement-extension-enforcement_non-strict_stb_200_0.05_4_10_0,270403,60556,3280,6,3275
extension-enforcement-extension-enforcement_non-strict_stb_200_0.05_4_10_2,148390,76190,39900,6,39895
extension-enforcement-extension-enforcement_non-strict_stb_200_0.1_2_10_1,24338,6696,210,8,203
extension-enforcement-extension-enforcement_non-strict_stb_200_0.1_4_10_2,55745277,18588527,40,8,33
extension-enforcement-extension-enforcement_strict_com_150_0.05_3_30_0,66894269,22306223,48,33,16
extension-enforcement-extension-enforcement_strict_com_150_0.1_2_15_0,14681160,3540246,3769,26,3744
extension-enforcement-extension-enforcement_strict_com_200_0.05_0_40_1,3757684,898950,1323,26,1298
extension-enforcement-extension-enforcement_strict_com_200_0.05_1_40_1,647385,149706,252,17,236
extension-enforcement-extension-enforcement_strict_com_200_0.05_4_20_1,80040,13423,31,33,-1
extension-enforcement-extension-enforcement_strict_com_200_0.05_4_20_4,1463272,450157,301,50,252
extension-enforcement-extension-enforcement_strict_com_200_0.1_0_10_1,286908,64246,3480,35,3446
extension-enforcement-extension-enforcement_strict_com_200_0.2_1_10_0,2535,594,35,16,20
fault-diagnosis-s00641_nan_explicit_3_0,16244,4520,210,58,153
fault-diagnosis-s01423_nan_explicit_4_0,2284858,227749,99,56,44
fault-diagnosis-s01423_nan_explicit_7_0,30497,6025,22,65,-42
fault-diagnosis-s38417_nan_explicit_11_0,346280,77530,4200,68,4133
fault-diagnosis-s38417_nan_explicit_13_0,296795,66460,3600,67,3534
fault-diagnosis-s38417_nan_explicit_18_0,10488,2164,88,63,26
fault-diagnosis-s38417_nan_explicit_27_0,1078571,334172,301,67,235
fault-diagnosis-s38417_nan_explicit_6_0,844,464,464,61,404
fault-diagnosis-s38584_nan_explicit_15_0,7322193,1807086,2258,208,2051
fault-diagnosis-s38584_nan_explicit_16_0,2602,544,72,188,-115
fault-diagnosis-s38584_nan_explicit_18_0,423578,43861,300,186,115
fault-diagnosis-s38584_nan_explicit_25_0,2452540,913900,20,188,-167
fault-diagnosis-s38584_nan_explicit_27_0,356187,79744,4320,203,4118
fault-diagnosis-s38584_nan_explicit_33_0,1520902,164429,86,189,-102
fault-diagnosis-s38584_nan_explicit_46_0,60131,10584,28,172,-143
frb-frb25-13-1.partial,64035,2969,2505,300,2206
frb-frb25-13-2.partial,5111167,1313712,1859,300,1560
frb-frb25-13-3.partial,0,309260,806440,300,806141
frb-frb25-13-4.partial,38680,15720,20,300,-279
frb-frb30-15-3.partial,316613,70888,3840,420,3421
frb-frb30-15-4.partial,428765,95980,5200,420,4781
frb-frb30-15-5.partial,706,349,349,420,-70
frb-frb35-17-1.partial,1254,1731,1731,560,1172
frb-frb35-17-3.partial,249,79,62,560,-497
frb-frb35-17-4.partial,175745,5471,4731,560,4172
frb-frb35-17-5.partial,379270,84910,4600,560,4041
frb-frb40-19-1.partial,405662,90814,4920,720,4201
frb-frb40-19-2.partial,445250,99670,5400,720,4681
frb-frb40-19-4.partial,435290,76000,39900,720,39181
frb-frb40-19-5.partial,58929,23868,3664,720,2945
gen-hyper-tw-GenHyperTW_atv_partial_system,1389394,1806,55,3,53
gen-hyper-tw-GenHyperTW_b01,767947,91700,68,5,64
gen-hyper-tw-GenHyperTW_b02,221760,61600,30,3,28
gen-hyper-tw-GenHyperTW_b06,45996,12764,240,4,237
gen-hyper-tw-GenHyperTW_dubois29,507931,113692,6160,2,6159
gen-hyper-tw-GenHyperTW_grid5,0,463080,1759150,3,1759148
HaplotypeAssembly-splitedReads_0.matrix,1121,265,185,1500,-1314
HaplotypeAssembly-splitedReads_137.matrix,4885768,1184094,1543,90,1454
HaplotypeAssembly-splitedReads_158.matrix,969460,321384,301,173,129
HaplotypeAssembly-splitedReads_160.matrix,439060,97640,5420,186,5235
HaplotypeAssembly-splitedReads_18.matrix,439060,97640,5420,138,5283
HaplotypeAssembly-splitedReads_414.matrix,58929,23868,3664,171,3494
hs-timetabling-SouthAfricaWoodlands2009.xml,87447,35538,5609,0,5610
inconsistency-measurement-im-forgetting-A-2-WS_300_16_90_30.tgf.pl,240,147,147,34,114
inconsistency-measurement-im-forgetting-T-2-stb_265_466.tgf.pl,60054,24168,3619,36,3584
inconsistency-measurement-im-hit-A-2-WS_300_16_90_30.tgf.pl,87447,35538,5609,34,5576
inconsistency-measurement-im-hit-C-2-stb_304_352.tgf.pl,1643602,324116,324116,42,324075
judgment-aggregation-ja-maxham-preflib-00049-00000003,145238,40290,672,41,632
judgment-aggregation-ja-maxham-preflib-00049-00000092,13378782,521192,521192,46,521147
judgment-aggregation-ja-maxham-preflib-00049-00000106,694,466,466,43,424
judgment-aggregation-ja-maxham-preflib-00049-00000511,649,372,372,46,327
judgment-aggregation-ja-maxham-preflib-00049-00000562,45996,12764,240,42,199
judgment-aggregation-ja-slater-preflib-00043-00000180,311985,40500,22275,306,21970
judgment-aggregation-ja-slater-preflib-00043-00000196,1081760,64000,38400,321,38080
judgment-aggregation-ja-slater-preflib-00049-00000107,907327,105922,72,300,-227
logic-synthesis-normalized-5xp1.b.opb.msat,45996,12764,240,12,229
logic-synthesis-normalized-9sym.b.opb.msat,45996,12764,240,5,236
logic-synthesis-normalized-alu4.b.opb.msat,0,241243,621323,50,621274
logic-synthesis-normalized-apex4.a.opb.msat,87447,35538,5609,776,4834
logic-synthesis-normalized-bench1.pi.opb.msat,2210772,2279,59,121,-61
logic-synthesis-normalized-clip.b.opb.msat,46798,12617,267,15,253
logic-synthesis-normalized-count.b.opb.msat,3848425,3016,71,24,48
logic-synthesis-normalized-e64.b.opb.msat,2120121,2236,57,47,11
logic-synthesis-normalized-ex5.pi.opb.msat,456351,164758,164758,65,164694
logic-synthesis-normalized-exam.pi.opb.msat,1187871,1666,50,63,-12
logic-synthesis-normalized-f51m.b.opb.msat,1098,545,45,18,28
logic-synthesis-normalized-jac3.opb.msat,892,214,129,15,115
logic-synthesis-normalized-max1024.pi.opb.msat,16520,4612,210,259,-48
logic-synthesis-normalized-sao2.b.opb.msat,16448,4588,210,25,186
max-realizability-power-distribution_5_2,3803532,341053,118,0,119
max-realizability-power-distribution_5_3,2019521,2184,60,0,61
max-realizability-power-distribution_5_4,464520,36000,21600,0,21601
max-realizability-power-distribution_5_5,716580,72000,39600,0,39601
max-realizability-power-distribution_5_6,0,277950,1221020,0,1221021
max-realizability-power-distribution_5_7,9765,6410,2755,0,2756
max-realizability-power-distribution_5_8,3900,900,355,0,356
MaxSATQueriesinInterpretableClassifiers-adult_test_9_CNF_2_1,2767158,2548,65,2308,-2242
MaxSATQueriesinInterpretableClassifiers-compas_train_5_DNF_5_1,435290,76000,39900,2097,37804
MaxSATQueriesinInterpretableClassifiers-heart_test_2_DNF_1_1,2646679,2494,65,15,51
MaxSATQueriesinInterpretableClassifiers-heart_test_7_DNF_5_1,2519183,2436,64,19,46
MaxSATQueriesinInterpretableClassifiers-heart_train_0_CNF_1_1,65280,5048,5048,63,4986
MaxSATQueriesinInterpretableClassifiers-heart_train_2_CNF_3_1,12303,8119,3667,41,3627
MaxSATQueriesinInterpretableClassifiers-ilpd_test_0_DNF_5_1,19681319,4940130,5532,31,5502
MaxSATQueriesinInterpretableClassifiers-parkinsons_test_9_DNF_2_1,16424,4580,210,8,203
MaxSATQueriesinInterpretableClassifiers-tictactoe_test_6_CNF_4_1,76910,10572,78,74,5
MaxSATQueriesinInterpretableClassifiers-titanic_test_9_CNF_5_1,4660,737,365,50,316
MaxSATQueriesinInterpretableClassifiers-titanic_train_2_DNF_3_1,25599,6708,210,244,-33
mbd-b14_C-mbd14-0377,134142,18508,78,24,55
mbd-b17_C-mbd14-0217,145238,40290,672,24,649
mbd-b20_C-mbd14-0281,335550,110100,50,16,35
mbd-b20_C-mbd14-0305,93208,11582,91,23,69
mbd-b20_C-mbd14-0349,160212,19982,91,22,70
mbd-b20_C-mbd14-0356,17049,3151,182,20,163
mbd-b21_C-mbd14-0205,1022,607,607,21,587
mbd-b21_C-mbd14-0286,2924772,98516,8790,20,8771
mbd-b21_C-mbd14-0368,46097,12764,139,22,118
mbd-b21_C-mbd14-0394,42663,1756,5376,23,5354
mbd-b22_C-mbd14-0207,1078058,333424,301,25,277
mbd-b22_C-mbd14-0249,403554,41820,300,20,281
mbd-b22_C-mbd14-0250,8780592,118038,118038,22,118017
mbd-b22_C-mbd14-0272,716580,72000,39600,28,39573
mbd-b22_C-mbd14-0308,1710,807,807,24,784
min-fill-MinFill_R0_mulsol.i.1,2860,660,260,142,119
min-fill-MinFill_R0_mulsol.i.3,25799,6768,210,240,-29
min-fill-MinFill_R0_myciel3,55700,7832,1200,10,1191
min-fill-MinFill_R0_myciel4,2037,436,436,46,391
min-fill-MinFill_R3_david,1169238,289958,2041,61,1981
min-fill-MinFill_R3_huck,30678,6412,792,2,791
min-fill-MinFill_R5_jean,509,4676,4676,11,4666
minimize-5gons-u5-cube-maxcdcl-11-tmp-15-2655746,1636,427,303,77,227
minimize-5gons-u5-cube-maxcdcl-12-tmp-15-2655746,164177,32696,2926,77,2850
minimize-5gons-u5-cube-maxcdcl-13-tmp-15-2655746,870,2459,2459,77,2383
minimize-5gons-u5-cube-maxcdcl-18-tmp-15-2655746,302134,79089,2926,77,2850
minimize-5gons-u5-cube-maxcdcl-19-tmp-15-2655746,180963,48829,2926,77,2850
minimize-5gons-u5-cube-maxcdcl-20-tmp-15-2655746,14234096,3413370,5255,77,5179
minimize-5gons-u5-cube-maxcdcl-23-tmp-15-2655746,259113,68630,2926,77,2850
minimize-5gons-u5-cube-maxcdcl-24-tmp-15-2655746,1249995,34756,4416,77,4340
minimize-5gons-u5-cube-maxcdcl-29-tmp-15-2655746,559275,6848,12988,77,12912
minimize-5gons-u5-cube-maxcdcl-32-tmp-15-2655746,1577,335,203,77,127
minimize-5gons-u5-cube-maxcdcl-36-tmp-15-2655746,66268,6706,640,77,564
minimize-5gons-u5-cube-maxcdcl-38-tmp-15-2655746,35041,3458,3003,77,2927
minimize-5gons-u5-cube-maxcdcl-41-tmp-15-2655746,35041,3458,3003,77,2927
minimize-5gons-u5-cube-maxcdcl-44-tmp-15-2655746,35041,3458,3003,77,2927
minimize-5gons-u5-cube-maxcdcl-46-tmp-15-2655746,35041,3458,3003,77,2927
minimize-5gons-u5-cube-maxcdcl-48-tmp-15-2655746,35041,3458,3003,77,2927
minimize-5gons-u5-cube-maxcdcl-49-tmp-15-2655746,35041,3458,3003,77,2927
minimize-5gons-u5-cube-maxcdcl-53-tmp-15-2655746,35041,3458,3003,77,2927
minimize-5gons-u5-cube-maxcdcl-58-tmp-15-2655746,35041,3458,3003,77,2927
minimize-5gons-u5-cube-maxcdcl-59-tmp-15-2655746,35041,3458,3003,77,2927
minimize-5gons-u5-cube-maxcdcl-60-tmp-15-2655746,35041,3458,3003,77,2927
minimize-5gons-u5-cube-maxcdcl-61-tmp-15-2655746,35041,3458,3003,77,2927
minimize-5gons-u5-cube-maxcdcl-7-tmp-15-2655746,35041,3458,3003,77,2927
minimize-5gons-u5-cube-maxcdcl-8-tmp-15-2655746,35041,3458,3003,77,2927
minimize-5gons-u5-cube-maxcdcl-9-tmp-15-2655746,35041,3458,3003,77,2927
mqc-10tree1001posib,35041,3458,3003,2,3002
mqc-10tree101posib,35041,3458,3003,2,3002
mqc-10tree102posib,35041,3458,3003,4,3000
mqc-10tree120p,35041,3458,3003,41,2963
mqc-10tree302p,35041,3458,3003,3,3001
mqc-10tree305p,35041,3458,3003,10,2994
mqc-10tree320p,35041,3458,3003,42,2962
mqc-10tree402p,35041,3458,3003,3,3001
mqc-10tree501p,35041,3458,3003,2,3002
mqc-10tree510p,35041,3458,3003,21,2983
mqc-10tree515p,35041,3458,3003,31,2973
mqc-10tree605posib,126827,7794,7794,9,7786
mqc-10tree620p,4675041,138563,138563,39,138525
mqc-10tree715p,46114,7095,1230,31,1200
mqc-10tree825p,30184,11642,7546,52,7495
optic-gen_add_4_carry_991,42812,4754,1336,56,1281
optic-gen_cvc-add3-bw3_299,1862,120,120,808,-687
optic-gen_cvc-add3-bw3_991,398,4676,4676,122,4555
optic-gen_cvc-add3-opt-bw3_299,2900,1584,1584,624,961
optic-gen_cvc-plus_4_991,9461,768,768,54,715
optic-gen_mult_3_5_33,148996,13687,2672,123,2550
optic-gen_mult_3_6_33,45210,1742,1742,144,1599
optic-gen_mult_3_6_399,34132,13050,8533,144,8390
optic-gen_square_5_33,4671353,138795,138795,135,138661
optimizing-BDDs-anneal-un-wcnf_incomplete_improved_1_2019_2,702017,182404,1571,139,1433
optimizing-BDDs-car-un-wcnf_incomplete_improved_1_2019_2,838946,145933,49770,250,49521
optimizing-BDDs-hypothyroid-un-wcnf_incomplete_improved_1_2019_2,47360,19918,11840,70,11771
optimizing-BDDs-primary-tumor-un-wcnf_incomplete_improved_1_2019_4,786399,138613,49770,49,49722
optimizing-BDDs-tic-tac-toe-un-wcnf_incomplete_improved_1_2019_2,700635,133956,49770,282,49489
packup-4ede8d96-c17a-11df-a7c5-00163e3d3b7c_l3,62792,11577,1768,631,1138
packup-7f80e4f0-4fe9-11e0-acd7-00163e1e087d_l3,767081,201204,1707,404,1304
packup-ff4a1d84-d490-11df-9e6c-00163e3d3b7c_l3,3333930,272310,11135,2236,8900
packup-rand172_l2,10734,2606,1256,670,587
packup-rand208_l2,72782,3550,6912,349,6564
packup-rand209_l2,1079,1278,1278,1199,80
packup-rand289_l2,282767,84025,84025,350,83676
packup-rand290_l2,30005,1538,289,1017,-727
packup-rand30_l2,51992,2034,3832,512,3321
packup-rand425_l2,7286,300,300,694,-393
packup-rand736_l2,10599,325,325,1232,-906
packup-rand874_l2,10618,325,325,863,-537
packup-rand892_l2,10680,325,325,1119,-793
packup-rand943_l2,10437,325,325,829,-503
packup-rand96_l2,195054,1711,1711,392,1320
planning-bnn-cellda_x_10,1259604,5886,5886,9,5878
planning-bnn-cellda_x_12,1442784,6441,6441,9,6433
planning-bnn-cellda_y_8,75639,10864,8091,6,8086
planning-bnn-cellda_y_9,77989,11030,8328,6,8323
planning-bnn-navigation_3x3_4,985,700,700,4,697
planning-bnn-navigation_3x3_5,1122587,455520,356,4,353
planning-bnn-navigation_3x3_6,787237,455532,368,4,365
planning-bnn-navigation_4x4_5,75610,10885,8129,5,8125
planning-bnn-navigation_4x4_7,1733728,57004,9304,5,9300
planning-bnn-navigation_5x5_9,57545,21000,4297,8,4290
planning-bnn-sysadmin_4_2,17899,450,450,0,451
planning-bnn-sysadmin_4_3,17897,450,450,2,449
planning-bnn-sysadmin_4_4,17875,450,450,3,448
privilege-escalation-cloud_access_control_repair_task-117,116088,1747,550,12,539
privilege-escalation-cloud_access_control_repair_task-130,27953,595,595,36,560
privilege-escalation-cloud_access_control_repair_task-134,28036,595,595,6,590
privilege-escalation-cloud_access_control_repair_task-139,27934,595,595,16,580
privilege-escalation-cloud_access_control_repair_task-141,28221,595,595,27,569
privilege-escalation-cloud_access_control_repair_task-146,24390,666,666,8,659
privilege-escalation-cloud_access_control_repair_task-149,3338,1584,1584,4,1581
privilege-escalation-cloud_access_control_repair_task-15,96927,42780,5275,67,5209
privilege-escalation-cloud_access_control_repair_task-157,76700,11120,8272,3,8270
privilege-escalation-cloud_access_control_repair_task-161,26368,703,703,0,704
privilege-escalation-cloud_access_control_repair_task-163,75443,10793,8100,9,8092
privilege-escalation-cloud_access_control_repair_task-174,26268,703,703,3,701
privilege-escalation-cloud_access_control_repair_task-178,4807,1436,1436,20,1417
privilege-escalation-cloud_access_control_repair_task-18,41413,760,760,6,755
privilege-escalation-cloud_access_control_repair_task-198,41367,760,760,0,761
privilege-escalation-cloud_access_control_repair_task-34,41725,760,760,25,736
privilege-escalation-cloud_access_control_repair_task-35,41739,760,760,9,752
privilege-escalation-cloud_access_control_repair_task-37,30552,780,780,7,774
privilege-escalation-cloud_access_control_repair_task-47,7571,4316,4316,24,4293
privilege-escalation-cloud_access_control_repair_task-54,7444,1600,1600,19,1582
privilege-escalation-cloud_access_control_repair_task-56,7444,1600,1600,9,1592
privilege-escalation-cloud_access_control_repair_task-61,7444,1600,1600,16,1585
privilege-escalation-cloud_access_control_repair_task-73,7844,1600,1600,31,1570
privilege-escalation-cloud_access_control_repair_task-87,7844,1600,1600,14,1587
privilege-escalation-cloud_access_control_repair_task-92,7844,1600,1600,3,1598
program-disambiguation-Q16_OPTIONS_2,7844,1600,1600,0,1601
program-disambiguation-Q2_OPTIONS_1,4533,1584,1584,0,1585
program-disambiguation-Q20_YESNO_3,32996,820,820,1,820
program-disambiguation-Q27_YESNO_1,82040,11836,8932,2,8931
program-disambiguation-Q29_YESNO_1,35865,861,861,1,861
program-disambiguation-Q35_OPTIONS_1,75461,10733,8101,0,8102
program-disambiguation-Q36_YESNO_1,38330,903,903,0,904
program-disambiguation-Q38_YESNO_3,3267,2030,2030,1,2030
program-disambiguation-Q4_YESNO_2,3356,2030,2030,1,2030
program-disambiguation-Q42_YESNO_3,79839,11530,8602,1,8602
program-disambiguation-Q42_YESNO_4,46378,7264,5110,2,5109
program-disambiguation-Q43_YESNO_3,76142,11073,8129,1,8129
program-disambiguation-Q45_YESNO_4,46723,7122,5165,0,5166
program-disambiguation-Q50_YESNO_6,4151,2726,2726,0,2727
program-disambiguation-Q6_YESNO_3,72037,1378,1378,0,1379
protein_ins-1bpi_.2knt_.g.wcnf.t,76263,1431,1431,35,1397
protein_ins-1bpi_.5pti_.g.wcnf.t,4896,3002,3002,29,2974
protein_ins-1knt_.1bpi_.g.wcnf.t,41160,12962,10290,35,10256
protein_ins-1knt_.2knt_.g.wcnf.t,14425,3862,3862,16,3847
protein_ins-1knt_.5pti_.g.wcnf.t,8060,8104,2055,29,2027
protein_ins-1vii_.1cph_.g.wcnf.t,123120,21209,6584,7,6578
protein_ins-2knt_.5pti_.g.wcnf.t,133989,62441,7721,32,7690
protein_ins-3ebx_.1era_.g.wcnf.t,63656,8488,3544,34,3511
protein_ins-3ebx_.6ebx_.g.wcnf.t,8393,8349,3174,23,3152
protein_ins-6ebx_.1era_.g.wcnf.t,15666,15851,3196,30,3167
protein_ins-p1.wcnf.t,16269,16474,3326,35,3292
protein_ins-sandiaprotein.g.wcnf.t,394946,4278,4278,28,4251
pseudoBoolean-normalized-aim-200-3_4-yes1-1.opb.msat,15799,15843,4311,200,4112
pseudoBoolean-normalized-aim-200-6_0-yes1-2.opb.msat,449088,4656,4656,200,4457
pseudoBoolean-normalized-g9x3.opb.msat,31094,31201,5583,7,5577
pseudoBoolean-normalized-g9x9.opb.msat,25928,25796,6720,20,6701
pseudoBoolean-normalized-hanoi4.opb.msat,29388,29597,7349,718,6632
pseudoBoolean-normalized-hanoi5.opb.msat,64152,18576,18576,1931,16646
pseudoBoolean-normalized-mps-v2-20-10-stein45.opb.msat,64152,18576,18576,30,18547
pseudoBoolean-normalized-par16-1.opb.msat,64152,18576,18576,1015,17562
pseudoBoolean-normalized-par16-2.opb.msat,64152,18576,18576,1015,17562
pseudoBoolean-normalized-par8-2.opb.msat,79120,22880,22880,350,22531
pseudoBoolean-normalized-ssa7552-038.opb.msat,79120,22880,22880,1448,21433
pseudoBoolean-normalized-ssa7552-159.opb.msat,61845,58647,14623,1327,13297
railway-transport-dp43,92421,89740,17989,47,17943
railway-transport-p15,83904,83896,21342,5,21338
railway-transport-pesp_5min,65280,15312,15312,68,15245
ramsey-ram_k4_n10.ra0,377202,40788,300,0,301
ramsey-ram_k4_n11.ra0,9212500,1121555,521,0,522
ramsey-ram_k4_n12.ra0,2368742,296131,521,0,522
ramsey-ram_k4_n5.ra0,6666335,679941,2556,0,2557
ramsey-ram_k4_n8.ra0,653211,51533,2556,0,2557
ramsey-ram_k5_n11.ra0,4008926,477811,503,0,504
ramsey-ram_k5_n14.ra0,295530,34875,503,0,504
ramsey-ram_k5_n16.ra0,1055664,125987,503,0,504
ramsey-ram_k5_n20.ra0,21686033,2541523,2552,0,2553
rna-alignment-k50-23-49.rna.pre,1612077,187419,2552,536,2017
rna-alignment-k50-40-60.rna.pre,2413090,1225430,310,511,-200
rna-alignment-random-same-7.rna.pre,271100,114705,80,272,-191
scheduling-cnf_10_center,2191365,1119405,300,159,142
scheduling-cnf_12_center,333261,100988,62,237,-174
scheduling-cnf_12,118609,42065,40,61,-20
scheduling-cnf_small,1564992,874989,297,28,270
SeanSafarpour-b15-bug-fourvec-gate-0.dimacs.seq.filtered,968669,479096,206,4,203
SeanSafarpour-c1_DD_s3_f1_e2_v1-bug-fourvec-gate-0.dimacs.seq.filtered,75501,46941,91,4,88
SeanSafarpour-c6_DD_s3_f1_e1_v1-bug-fourvec-gate-0.dimacs.seq.filtered,553566,69783,3547,4,3544
SeanSafarpour-divider-problem.dimacs_5.filtered,229516,80452,1697,2,1696
SeanSafarpour-fpu1-problem.dimacs_13.filtered,301093,104894,1948,1,1948
SeanSafarpour-mem_ctrl-problem.dimacs_27.filtered,436852,152639,3018,1,3018
SeanSafarpour-rsdecoder-problem.dimacs_34.filtered,445747,160596,5178,1,5178
SeanSafarpour-rsdecoder-problem.dimacs_37.filtered,436747,152604,3018,1,3018
SeanSafarpour-rsdecoder-problem.dimacs_39.filtered,16042,10589,4792,1,4792
SeanSafarpour-rsdecoder4.dimacs.filtered,16105,10519,4230,4,4227
SeanSafarpour-rsdecoder5.dimacs.filtered,14977,9808,4089,2,4088
SeanSafarpour-wb_4m8s4.dimacs.filtered,14715,9676,4204,205,4000
SeanSafarpour-wb_conmax3.dimacs.filtered,154020,102060,47917,33,47885
SeanSafarpour-wb-problem.dimacs_45.filtered,191144,21570,105,14,92
treewidth-computation-TWComp_1dj7_N73,128374,14450,105,26,80
treewidth-computation-TWComp_1en2_N69,1030200,5151,5151,16,5136
treewidth-computation-TWComp_alarm_N37,1437,6139,6139,4,6136
treewidth-computation-TWComp_barle_N48,391541,45245,27329,7,27323
treewidth-computation-TWComp_barley2_N48,445817,11902,7367,7,7361
treewidth-computation-TWComp_celar02_N100,1610812,43518,27182,10,27173
treewidth-computation-TWComp_david_N87,4856101,110323,48021,13,48009
treewidth-computation-TWComp_david-pp_N29,108526,15416,845,13,833
treewidth-computation-TWComp_hailfinder_N56,698520,72105,3710,4,3707
treewidth-computation-TWComp_mulsol.i.5-pp_N119,4691355,328138,15785,31,15755
treewidth-computation-TWComp_myciel4_N23,1203840,117007,5280,10,5271
treewidth-computation-TWComp_oesoca4_N42,109816,16758,700,3,698
treewidth-computation-TWComp_queen5_5_N25,429552,52407,2184,18,2167
treewidth-computation-TWComp_ship-ship-pp_N30,963522,90752,5021,8,5014
treewidth-computation-TWComp_water_N32,1144940,113181,5028,9,5020
vpa-UAutomizer_Addition01_true-unreach-call_true-no-overflow_true-termination.c_Abstraction1,136281,6484,6484,681,5804
vpa-UAutomizer_AliasDarteFeautrierGonnord-SAS2010-speedpldi2_true-termination_true-no-overflow.c_Abstraction1,2889,4754,4754,201,4554
vpa-UAutomizer_array08_alloca_true-termination.c.i_Abstraction1,6322,11561,11561,883,10679
vpa-UAutomizer_array12_alloca_true-termination.c.i_Abstraction1,159850,11561,11561,696,10866
vpa-UAutomizer_c.03-alloca_true-termination_true-no-overflow.c.i_Abstraction3,10704,14256,14256,4588,9669
vpa-UAutomizer_cll_search-alloca_false-termination.c.i_Abstraction1,85475,14256,14256,1363,12894
vpa-UAutomizer_CookSeeZuleger-TACAS2013-Fig7a_true-termination_true-no-overflow.c_Abstraction1,364862,5475,25984,105,25880
vpa-UAutomizer_count_up_alloca_true-termination.c.i_Abstraction1,511252,7873,103936,808,103129
vpa-UAutomizer_GopanReps-CAV2006-Fig1a_true-termination_true-no-overflow.c.c_Abstraction1,492959,8240,174848,617,174232
vpa-UAutomizer_ll_append-alloca_false-termination.c.i_Abstraction1,63795,2272,9472,4166,5307
vpa-UAutomizer_LogAG_true-termination_true-no-overflow.c_Abstraction2,86395,4072,86016,118,85899
vpa-UAutomizer_NarrowKonv_false-termination_true-no-overflow.c_Abstraction2,223770,5780,80640,843,79798
vpa-UAutomizer_nondet_ll_search-alloca_true-termination.c.i_Abstraction1,4588696,20335,102080,1421,100660
vpa-UAutomizer_seq_true-unreach-call_true-termination.i_Abstraction1,5506665,24466,204160,299,203862
vpa-UAutomizer_Sunset_false-termination_true-no-overflow.c_Abstraction1,130496,5275,30656,733,29924
wqueens-wqueens10_8.wcsp.dir,183090,7593,122624,4,122621
wqueens-wqueens12_10.wcsp.dir,6944409,2318193,15,4,12
wqueens-wqueens14_12.wcsp.dir,9259207,3090919,20,4,17
wqueens-wqueens16_14.wcsp.dir,11394,6352,6352,5,6348
wqueens-wqueens18_16.wcsp.dir,11397,6352,6352,6,6347
wqueens-wqueens6_4.wcsp.dir,11409,6352,6352,2,6351
wqueens-wqueens8_6.wcsp.dir,13806021,307678,50400,1,50400
xai-mindset2-appendicitis,2595539,41287,11670,56,11615
xai-mindset2-australian,6939377,280446,18170,392,17779
xai-mindset2-cleveland-nominal,0,45,330,228,103
xai-mindset2-corral,0,120,2380,12,2369
xai-mindset2-hepatitis,0,171,4845,58,4788
xai-mindset2-house-votes-84,0,190,9690,74,9617
xai-mindset2-iris,1056214,259443,1725,87,1639
xai-mindset2-lymphography,3015,135,135,52,84
xai-mindset2-new-thyroid,9801,243,243,126,118
xai-mindset2-postoperative-patient-data,27270,405,405,62,344
xai-mindset2-promoters,88452,729,729,92,638
xai-mindset2-titanic,636466,40724,5810,7,5804
xai-mindset2-zoo,310872,37653,6426,20,6407
